{"_runtime":36334.52576163,"trainLoss_wgan":-1.0220558143661003,"trainLoss_generator":-0.011672885461730561,"averageTrue":-25.120848523506332,"evalLoss_total":-5.51238039294549,"Epoch":23,"evalLoss_wgan":0.06752672455610556,"trueMinusFake":164.50491007679483,"example":{"sha256":"bbc3162b15598d8a65a7a9cc689e3afe83ae892b07536a8aa6f962c9d61da6cf","size":1396688,"path":"media/plotly/example_23_bbc3162b15598d8a65a7.plotly.json","_type":"plotly-file"},"_timestamp":1.7306077599072018e+09,"_step":23,"evalLoss_generator":-5.5799071175015955,"averageFake":-189.62575860030117,"_wandb":{"runtime":36730},"saveFlag":1,"average_generatorPenalty":1.2090138741456644}