{"evalLoss_wgan":-0.026419788937547362,"averageFake":-83.7069549037497,"_wandb":{"runtime":24012},"trainLoss_generator":0.002904304834154989,"_timestamp":1.7315420929970844e+09,"trueMinusFake":254.98005386517235,"averageTrue":171.27309896142265,"_step":16,"trainLoss_wgan":-1.058507842785772,"_runtime":23837.165714264,"evalLoss_generator":0.015460913487125827,"example":{"size":2777171,"path":"media/plotly/example_16_197bc757f6e3236a5f12.plotly.json","_type":"plotly-file","sha256":"197bc757f6e3236a5f12d3d7df9cb8b7394a7649bc6e584d38cd2532bc889684"},"average_generatorPenalty":0.33514968845934706,"saveFlag":0,"Epoch":16,"evalLoss_total":-0.010958875450421535}