{"Epoch":13,"trainLoss_wgan":-0.5598095975762005,"example":{"_type":"plotly-file","sha256":"6f104701d79979ec62a7e133f9b9b94f96bcc8a4cda70b0237daf87287a281f1","size":2785610,"path":"media/plotly/example_13_6f104701d79979ec62a7.plotly.json"},"evalLoss_wgan":-0.006398782444061104,"trueMinusFake":180.05593077293986,"evalLoss_total":-0.046849127247901044,"average_generatorPenalty":0.06488505792116632,"evalLoss_generator":-0.04045034480383994,"_wandb":{"runtime":8414},"_step":13,"_runtime":8060.323530314,"averageTrue":142.24966337206735,"saveFlag":1,"averageFake":-37.8062674008725,"trainLoss_generator":-0.0038350316419082883,"_timestamp":1.7314801247479527e+09}