{"_step":7,"saveFlag":0,"trueMinusFake":-71.37938061523437,"_wandb":{"runtime":250},"Epoch":7,"averageTrue":-36.431166259765625,"example":{"path":"media/plotly/example_7_4abdf18e100316f097ba.plotly.json","_type":"plotly-file","sha256":"4abdf18e100316f097bab00ef4668fdb7c478956a1d6b24dc3318891f64daca7","size":3387297},"averageFake":34.94821435546875,"_timestamp":1.7302468682633686e+09,"average_generatorPenalty":-0.4406131210327148,"evalLoss_total":0.8944391229748726,"trainLoss_wgan":0.23282359313964843,"trainLoss_generator":-0.057504116441390606,"evalLoss_generator":-0.0043627569079399105,"_runtime":234.275087655,"evalLoss_wgan":0.8988018798828125}