{"Epoch":13,"_runtime":4680.997370387,"trueMinusFake":0.018951220719571893,"evalLoss_generator":-0.0065492354918226135,"_step":13,"saveFlag":0,"averageTrue":11.091010530856613,"evalLoss_total":-0.006182655256572011,"average_generatorPenalty":-0.069120663912379,"_wandb":{"runtime":4714},"example":{"size":2785686,"path":"media/plotly/example_13_38ca1b2d053baff0a7d2.plotly.json","_type":"plotly-file","sha256":"38ca1b2d053baff0a7d2ca490d6efd3d386f535fb50ec3fe3a5aa7b7e9fb7607"},"trainLoss_generator":-0.0023026129994184285,"averageFake":11.07205931013704,"evalLoss_wgan":0.00036658023525060326,"trainLoss_wgan":0.0061117410459033406,"_timestamp":1.7314355928257384e+09}