{"_wandb":{"runtime":559},"evalLoss_total":-0.5333481931686401,"_timestamp":1.7302588445542269e+09,"example":{"_type":"plotly-file","sha256":"c3121bdf87a585c97ef5618d4d88378abdded9d996fd7e8bce8ec28f05b8355c","size":3434016,"path":"media/plotly/example_24_c3121bdf87a585c97ef5.plotly.json"},"average_generatorPenalty":-0.5001848564147949,"averageTrue":-38.71625732421875,"saveFlag":1,"_runtime":559.583011519,"Epoch":24,"averageFake":39.93436962890625,"trainLoss_generator":-0.5001848564147949,"trainLoss_wgan":-0.9722659530639648,"_step":24,"evalLoss_generator":-0.5069316864013672,"trueMinusFake":-78.650626953125,"evalLoss_wgan":-0.02641650676727295}