{"trainLoss_wgan":-2.0641878967285154,"evalLoss_wgan":0.03664103507995606,"averageTrue":-83.078736328125,"saveFlag":0,"_wandb":{"runtime":552},"trueMinusFake":-169.19001904296874,"average_generatorPenalty":-1.0794133224487306,"Epoch":24,"example":{"_type":"plotly-file","sha256":"fe7f64a201b905a97fbd380cf692f65cb1322d892c007885ac5e8b1aff11541e","size":3415015,"path":"media/plotly/example_24_fe7f64a201b905a97fbd.plotly.json"},"_runtime":552.529397909,"evalLoss_total":0.03815293416380883,"trainLoss_generator":-1.0794133224487306,"averageFake":86.11128271484375,"evalLoss_generator":0.001511899083852768,"_timestamp":1.7302529505739074e+09,"_step":24}