{"evalLoss_generator":0.0047059178352355955,"Epoch":14,"trainLoss_wgan":-1.3008429946899414,"averageFake":57.24520068359375,"_step":14,"_timestamp":1.7302400095093946e+09,"averageTrue":-56.3920517578125,"evalLoss_total":0.06788573503494262,"example":{"path":"media/plotly/example_14_2978a3df45a6e7260813.plotly.json","_type":"plotly-file","sha256":"2978a3df45a6e7260813b95a8337ff8318f1bb92002ec4219826ab322b7ac92b","size":3421992},"_wandb":{"runtime":390},"saveFlag":1,"average_generatorPenalty":-0.718561824798584,"trueMinusFake":-113.63725244140625,"trainLoss_generator":-0.12198921346571297,"_runtime":387.473751724,"evalLoss_wgan":0.06317981719970703}