{"trainLoss_generator":0.13258787506095898,"_wandb":{"runtime":2837},"average_generatorPenalty":0.13258787506095898,"example":{"_type":"plotly-file","sha256":"3c2eb8c8b91eaddbd1d69cc3707e8fc4daf75e846acc898c39595a8097c76794","size":1393817,"path":"media/plotly/example_3_3c2eb8c8b91eaddbd1d6.plotly.json"},"trueMinusFake":0.642498652824731,"evalLoss_wgan":-0.06383724240033431,"trainLoss_wgan":0.00221138698422722,"evalLoss_generator":-0.001434608899656001,"Epoch":3,"_step":3,"averageFake":-20.748033411384842,"averageTrue":-20.10553475856011,"evalLoss_total":-0.06527185129999032,"_timestamp":1.7304839807025774e+09,"saveFlag":1,"_runtime":2519.874567018}