{"example":{"path":"media/plotly/example_2_6ea6cccccabf6361ffdd.plotly.json","_type":"plotly-file","sha256":"6ea6cccccabf6361ffdd39485d220689b6709fcec8049a8e5931745219389db3","size":2776245},"_step":2,"trueMinusFake":-0.04656046996336666,"evalLoss_total":0.0004343978181034422,"Epoch":2,"averageFake":-0.19872649176107107,"_timestamp":1.731352552716834e+09,"evalLoss_generator":0.00024321949550431475,"trainLoss_wgan":0.006376755823788718,"_wandb":{"runtime":1462},"evalLoss_wgan":0.00019117832259912742,"_runtime":1190.929277245,"average_generatorPenalty":0.001172987290000265,"saveFlag":0,"trainLoss_generator":-2.703800071728338e-05,"averageTrue":-0.24528696172443773}