{"trainLoss_wgan":-0.1880441138734493,"averageTrue":28.303057850607765,"example":{"size":1390600,"path":"media/plotly/example_6_97f964d903a69333fcbb.plotly.json","_type":"plotly-file","sha256":"97f964d903a69333fcbb2ae7c53752ebf1902c4abddd03ae06c18ed100127c95"},"trainLoss_generator":-0.0032942408657095036,"average_generatorPenalty":0.06376204407178983,"_wandb":{"runtime":5499},"_timestamp":1.7304997734106698e+09,"evalLoss_wgan":0.041320343472505724,"evalLoss_generator":-0.7940576510742811,"_step":6,"_runtime":5103.056420634,"evalLoss_total":-0.7527373076017754,"saveFlag":0,"Epoch":6,"averageFake":-2.754599364466659,"trueMinusFake":31.057657215074425}