{"evalLoss_wgan":-0.562681130634118,"trainLoss_wgan":-0.03650289289695021,"_runtime":18306.629338905,"evalLoss_generator":14.670380055440331,"average_generatorPenalty":8.240691475008543,"example":{"sha256":"c50ec6fe9351666169d372e2945d81d34461d99a093f34f339ac2ca888419e7c","size":1403133,"path":"media/plotly/example_10_c50ec6fe9351666169d3.plotly.json","_type":"plotly-file"},"averageFake":-1122.3500547056485,"Epoch":10,"_step":10,"trueMinusFake":2419.2338058249925,"evalLoss_total":14.107698924806213,"_timestamp":1.7305185012126093e+09,"averageTrue":1296.8837511193437,"_wandb":{"runtime":19105},"saveFlag":0,"trainLoss_generator":8.240691475008543}