{"_wandb":{"runtime":12491},"trueMinusFake":20.98352125045144,"average_generatorPenalty":0.20351321087336452,"trainLoss_wgan":-0.059692376970481936,"averageTrue":-12.540344225432825,"averageFake":-33.523865475884264,"_step":49,"evalLoss_total":-0.008663609838820446,"trainLoss_generator":0.00838330010788444,"_runtime":12490.622884276,"Epoch":49,"example":{"size":2785665,"path":"media/plotly/example_49_8aaa4e80245085c288df.plotly.json","_type":"plotly-file","sha256":"8aaa4e80245085c288dfbedb16b22d9e7341d323414bf7b9192dadbdd160e0c9"},"saveFlag":0,"evalLoss_generator":0.018741652458887155,"evalLoss_wgan":-0.0274052622977076,"_timestamp":1.7313769685898528e+09}