{"trainLoss_wgan":-21.385955676974653,"example":{"size":2781612,"path":"media/plotly/example_24_fa7f4c478404f3b7bd21.plotly.json","_type":"plotly-file","sha256":"fa7f4c478404f3b7bd21a6b1b835cb37887989c36d767afc1785048dd055a8c4"},"evalLoss_generator":1.326242234863593,"averageFake":-1979.80489510149,"_timestamp":1.7308185405586755e+09,"Epoch":24,"evalLoss_total":1.2911489938274645,"trainLoss_generator":0.03017845266076636,"averageTrue":1447.5844783138332,"saveFlag":0,"_wandb":{"runtime":30351},"_runtime":30350.492210388,"trueMinusFake":3427.3893734153235,"evalLoss_wgan":-0.03509324103612845,"_step":24,"average_generatorPenalty":12.056052788856931}