{"evalLoss_generator":1.3063895667976229,"Epoch":24,"_wandb":{"runtime":29704},"_runtime":29704.294872674,"averageTrue":1312.4687136752723,"average_generatorPenalty":12.682243811055525,"trainLoss_generator":0.06049423144553624,"saveFlag":0,"_step":24,"averageFake":-2027.8210344850863,"evalLoss_total":1.2464633525368813,"trueMinusFake":3340.2897481603586,"example":{"sha256":"ecf8e573842cf9f6dd6a0feabb185da52a6139fa5aae93026865d8483cb39892","size":2787201,"path":"media/plotly/example_24_ecf8e573842cf9f6dd6a.plotly.json","_type":"plotly-file"},"trainLoss_wgan":-10.410645059054795,"evalLoss_wgan":-0.059926214260741566,"_timestamp":1.7310561026643295e+09}