{"evalLoss_generator":0.007120826244354248,"evalLoss_total":-0.06092178583145142,"trueMinusFake":-156.95980810546877,"example":{"_type":"plotly-file","sha256":"778fd8db610ceb9fd2375378b6f3529ed29119342d8757f1ea52567f2c146754","size":3411506,"path":"media/plotly/example_21_778fd8db610ceb9fd237.plotly.json"},"saveFlag":0,"trainLoss_generator":-0.13075691715832746,"evalLoss_wgan":-0.06804261207580567,"averageFake":82.024388671875,"averageTrue":-74.93541943359375,"average_generatorPenalty":-1.0286925048828126,"_step":21,"_wandb":{"runtime":659},"_runtime":636.197423065,"Epoch":21,"trainLoss_wgan":-1.8946890411376953,"_timestamp":1.7302458527633514e+09}