{"evalLoss_generator":-0.01699744287234016,"_runtime":4934.068337743,"trainLoss_generator":-0.00010382363066586685,"example":{"size":1395818,"path":"media/plotly/example_8_b04064a2a1120b90ab84.plotly.json","_type":"plotly-file","sha256":"b04064a2a1120b90ab84ad2dd739a26841e332966af6e8531349d6be442f20c8"},"_wandb":{"runtime":5215},"averageFake":4.59930953945991,"evalLoss_total":-0.031461677736892166,"trueMinusFake":0.46195234531430795,"trainLoss_wgan":0.0016663963708456369,"evalLoss_wgan":-0.014464234864552004,"_timestamp":1.730436909538294e+09,"_step":8,"averageTrue":5.061261884774218,"Epoch":8,"saveFlag":1,"average_generatorPenalty":-0.01408141854717872}