{"trainLoss_generator":-0.0007036236060229697,"trueMinusFake":0.6873304810774057,"trainLoss_wgan":0.0009281566589469602,"average_generatorPenalty":-0.01727411580484499,"averageFake":5.471904558004792,"evalLoss_wgan":-0.0020481589118918567,"averageTrue":6.159235039082198,"example":{"sha256":"8e85109b3fe72908af57efbec7ae8f835e66d135240a784fbe155539c98d89a6","size":1679586,"path":"media/plotly/example_24_8e85109b3fe72908af57.plotly.json","_type":"plotly-file"},"Epoch":24,"_timestamp":1.7304192427692056e+09,"evalLoss_total":-0.04064502861367416,"_step":24,"saveFlag":0,"_wandb":{"runtime":4116},"_runtime":4116.077559838,"evalLoss_generator":-0.038596869701782305}