{"trainLoss_generator":-0.024088680830195306,"_wandb":{"runtime":889},"evalLoss_wgan":0.013292217254638672,"saveFlag":0,"trueMinusFake":1.162173278808595,"Epoch":24,"trainLoss_wgan":0.06413776922225953,"example":{"size":3421497,"path":"media/plotly/example_24_a2a98a7387e67bd98da5.plotly.json","_type":"plotly-file","sha256":"a2a98a7387e67bd98da50b16e3912b10019ec81f7b00774ab38bef552d7f8c8f"},"averageFake":20.4064033203125,"averageTrue":21.568576599121094,"_timestamp":1.7302710240217805e+09,"_step":24,"_runtime":888.90772092,"evalLoss_generator":-0.061020822525024415,"average_generatorPenalty":-0.2511544075012207,"evalLoss_total":-0.04772860527038574}