{"_wandb":{"runtime":9522},"_step":49,"saveFlag":0,"Epoch":49,"evalLoss_total":-0.026201407134951345,"trueMinusFake":50.5366851714132,"trainLoss_generator":-0.0009435892005960107,"_timestamp":1.7314523704235904e+09,"averageFake":33.327270055547956,"averageTrue":83.86395522696115,"evalLoss_wgan":0.04472599966783165,"average_generatorPenalty":-0.15563336043857331,"trainLoss_wgan":-0.3099551078405152,"example":{"size":2780053,"path":"media/plotly/example_49_2ccd9149cf49b5543919.plotly.json","_type":"plotly-file","sha256":"2ccd9149cf49b55439191db11542e47a65a2abaa13da2350599caf1b21265fbf"},"_runtime":9522.226310579,"evalLoss_generator":-0.07092740680278299}