{"trainLoss_wgan":0.006238204706554343,"_timestamp":1.731206599281016e+09,"average_generatorPenalty":-0.0013896538755229404,"evalLoss_generator":-0.0001197465738827207,"saveFlag":0,"example":{"size":2783633,"path":"media/plotly/example_24_4b88c07c4e823323d166.plotly.json","_type":"plotly-file","sha256":"4b88c07c4e823323d1665f309bcd124ba17f666df265c2dd9bcd50fb8cc468b8"},"evalLoss_total":0.00033502653478891437,"Epoch":24,"trainLoss_generator":-3.8426315761716444e-05,"evalLoss_wgan":0.00045477310867163506,"trueMinusFake":-0.002314869082307297,"_runtime":15514.645367317,"_wandb":{"runtime":15515},"_step":24,"averageTrue":0.2220380985805104,"averageFake":0.2243529676628177}