{"evalLoss_generator":-0.0023656970262527464,"_timestamp":1.730252363289067e+09,"evalLoss_total":0.03619881331920624,"_runtime":214.863126132,"_step":5,"example":{"size":3398593,"path":"media/plotly/example_5_fb84c3cd61ba6009de07.plotly.json","_type":"plotly-file","sha256":"fb84c3cd61ba6009de0711429e4e05f7ee0564a3b9bd47b66d1d0984b7c4fbf6"},"evalLoss_wgan":0.038564510345458984,"averageFake":3.151802299499512,"Epoch":5,"saveFlag":1,"trueMinusFake":-34.11996294403076,"average_generatorPenalty":-0.043979991674423215,"_wandb":{"runtime":241},"trainLoss_wgan":-0.3157620830535889,"averageTrue":-30.96816064453125,"trainLoss_generator":-0.007676638687544022}