{"_timestamp":1.7309313632573862e+09,"_step":10,"evalLoss_wgan":-0.1195586866075702,"averageTrue":171.65861376102066,"_runtime":12951.115505119,"average_generatorPenalty":0.5519530438421779,"Epoch":10,"trainLoss_generator":0.008498482459576092,"evalLoss_generator":0.24769003940526285,"trueMinusFake":268.052895578515,"evalLoss_total":0.12813135279769267,"_wandb":{"runtime":14108},"averageFake":-96.39428181749433,"saveFlag":0,"trainLoss_wgan":-1.6694912319869042,"example":{"path":"media/plotly/example_10_e1389d7dda138def6d7e.plotly.json","_type":"plotly-file","sha256":"e1389d7dda138def6d7e5b6872df9ee6c9460f87b20176e5c90a5e75372b8b6e","size":2797573}}