{"evalLoss_total":0.012314845323562622,"average_generatorPenalty":-0.5264790306091308,"example":{"size":3400595,"path":"media/plotly/example_5_f05e303b4199211c0932.plotly.json","_type":"plotly-file","sha256":"f05e303b4199211c09324994ee850faa6d230e335cdfa38e1b3dca2d87b6cb13"},"evalLoss_wgan":0.006843785047531128,"_step":5,"averageFake":42.04240698242187,"trainLoss_generator":-0.5264790306091308,"trueMinusFake":-83.56592578125,"saveFlag":0,"Epoch":5,"_runtime":516.37916682,"evalLoss_generator":0.005471060276031494,"_wandb":{"runtime":526},"averageTrue":-41.52351879882813,"_timestamp":1.7302568552478936e+09,"trainLoss_wgan":-0.1122629297302731}