{"evalLoss_wgan":-0.0005475066007895309,"_wandb":{"runtime":2397},"trainLoss_wgan":0.0038967038641948837,"averageFake":21.03590389824362,"average_generatorPenalty":-0.08773471117728851,"trainLoss_generator":-0.00033223187771196224,"evalLoss_generator":-0.00509281341026905,"saveFlag":0,"_runtime":1791.013159981,"evalLoss_total":-0.005640320011058581,"averageTrue":21.10000435454085,"Epoch":1,"trueMinusFake":0.06410045629722916,"example":{"size":2779466,"path":"media/plotly/example_1_d4be9c6764c7c69fba57.plotly.json","_type":"plotly-file","sha256":"d4be9c6764c7c69fba573da96e07cec28cbf87d73f60cb216cf9fc45dc9a3d78"},"_timestamp":1.7314823046313908e+09,"_step":1}