{"averageTrue":0.03544554781913757,"_runtime":156.954277626,"evalLoss_generator":-0.00022408584132790565,"trainLoss_generator":-4.614660192160164e-05,"trainLoss_wgan":0.12,"trueMinusFake":-4.768371586472142e-09,"averageFake":0.03544555258750916,"evalLoss_wgan":0.09845730781555176,"average_generatorPenalty":-0.0004430554695427418,"_wandb":{"runtime":166},"evalLoss_total":0.09823322197422385,"saveFlag":1,"Epoch":9,"_timestamp":1.7302509064801598e+09,"example":{"size":3425693,"path":"media/plotly/example_9_5a48abf2afa1da331187.plotly.json","_type":"plotly-file","sha256":"5a48abf2afa1da3311870e991a2885d10cb02d3aa2ed6e1c389b303a889706aa"},"_step":9}