{"Epoch":2,"trainLoss_generator":5.28556826710701e-05,"averageTrue":-0.05411649429321289,"example":{"_type":"plotly-file","sha256":"c4b95057ce807adccb608bdcde78a772deb3d2a1d53093e3f6d1e45db7c2306f","size":3410051,"path":"media/plotly/example_2_c4b95057ce807adccb60.plotly.json"},"saveFlag":0,"trainLoss_wgan":0.0097,"_wandb":{"runtime":549},"evalLoss_total":0.00922055788487196,"_runtime":499.18281647,"evalLoss_generator":6.275463551282883e-05,"_step":2,"trueMinusFake":-1.335144043934644e-09,"average_generatorPenalty":5.28556826710701e-05,"averageFake":-0.05411649295806885,"_timestamp":1.7302515163028784e+09,"evalLoss_wgan":0.009157803249359131}