{"_runtime":387.124665067,"average_generatorPenalty":-1.6921600087483724,"trainLoss_generator":-1.6921600087483724,"_wandb":{"runtime":397},"evalLoss_generator":0.00481006845831871,"example":{"_type":"plotly-file","sha256":"edb99ea361894442b8dcc5ac9456ff03d68d835c4daa91db1799083a0074c3b0","size":3444849,"path":"media/plotly/example_7_edb99ea361894442b8dc.plotly.json"},"saveFlag":0,"_step":7,"evalLoss_wgan":-0.00284432053565979,"averageTrue":-48.410960286458334,"trainLoss_wgan":-0.3441684897900975,"Epoch":7,"averageFake":50.72051188151042,"evalLoss_total":0.00196574792265892,"_timestamp":1.7295638949146552e+09}