{"evalLoss_generator":-0.0003303317353129387,"averageFake":48.93607592773437,"average_generatorPenalty":-0.6155839576721192,"Epoch":11,"trainLoss_generator":-0.07934129831822646,"trainLoss_wgan":-1.0900594482421875,"example":{"path":"media/plotly/example_11_e7625daa79149684b7c4.plotly.json","_type":"plotly-file","sha256":"e7625daa79149684b7c400d708e1a5c4f4f830a5192eb999e5dd32114fe2357a","size":3411503},"_wandb":{"runtime":380},"_runtime":352.670926358,"trueMinusFake":-96.79072021484374,"averageTrue":-47.85464428710937,"evalLoss_total":0.054924737997353076,"_step":11,"evalLoss_wgan":0.055255069732666015,"saveFlag":0,"_timestamp":1.730243538308703e+09}