{"saveFlag":0,"averageFake":-4796.92360929134,"example":{"sha256":"552f17c12f21a8b8291e1544c6d1cee9d966f3bea364aa89fe0f4dde8b3cd275","size":2786013,"path":"media/plotly/example_49_552f17c12f21a8b8291e.plotly.json","_type":"plotly-file"},"trainLoss_generator":0.11973572369596241,"trueMinusFake":8835.762320750056,"_step":49,"evalLoss_total":1.7242134878113533,"evalLoss_wgan":-0.08485221546321593,"evalLoss_generator":1.8090657032745692,"average_generatorPenalty":19.495028975503047,"trainLoss_wgan":-36.026211104685736,"_runtime":46220.956533437,"_timestamp":1.7316743480297055e+09,"Epoch":49,"averageTrue":4038.838711458717,"_wandb":{"runtime":46221}}