{"_step":3,"trueMinusFake":-253.80452861328126,"saveFlag":0,"Epoch":3,"example":{"sha256":"b937cc3e4f0803ff781738cfd1db47daecf90d5dcee7805e78a686f307924135","size":3413239,"path":"media/plotly/example_3_b937cc3e4f0803ff7817.plotly.json","_type":"plotly-file"},"_wandb":{"runtime":1448},"average_generatorPenalty":-1.6474670127868651,"trainLoss_wgan":-3.0476145111083985,"averageFake":131.5250705078125,"_timestamp":1.7302502037492282e+09,"trainLoss_generator":-0.018592109582343894,"evalLoss_wgan":0.09184916591644288,"_runtime":1198.991842712,"evalLoss_total":0.10225132948160172,"averageTrue":-122.27945810546875,"evalLoss_generator":0.010402163565158844}