{"_timestamp":1.7302443015033593e+09,"_step":24,"_wandb":{"runtime":724},"trainLoss_wgan":-2.224373306274414,"evalLoss_wgan":-0.026774139404296876,"saveFlag":0,"trainLoss_generator":-0.14934105202115736,"trueMinusFake":-177.94986181640627,"evalLoss_generator":0.004999904930591583,"example":{"sha256":"05211fc50344be193dfb67ab72232172b4bf6aad3ea62ad57eeb9624bfb92d1f","size":3422549,"path":"media/plotly/example_24_05211fc50344be193dfb.plotly.json","_type":"plotly-file"},"average_generatorPenalty":-1.1769717254638672,"Epoch":24,"averageFake":93.87087841796875,"averageTrue":-84.0789833984375,"_runtime":724.392414369,"evalLoss_total":-0.021774234473705294}