{"_runtime":259.989768602,"evalLoss_total":0.13977286696434021,"example":{"path":"media/plotly/example_5_99a99e48bdbc459e2a00.plotly.json","_type":"plotly-file","sha256":"99a99e48bdbc459e2a007ee20f26fb961d67242d666dc8d2074a4f3b630a84b8","size":3443190},"averageTrue":-57.91237915039063,"_timestamp":1.730238433477937e+09,"trainLoss_generator":-0.12563819055762893,"evalLoss_generator":0.02127344489097595,"trainLoss_wgan":-3.342126640319824,"averageFake":58.49607189941406,"Epoch":5,"average_generatorPenalty":-1.835892951965332,"_wandb":{"runtime":261},"_step":5,"saveFlag":1,"evalLoss_wgan":0.11849942207336425}