{"Epoch":24,"evalLoss_total":0.12362901329994201,"example":{"_type":"plotly-file","sha256":"10e8883f6983b76869ec3310d3e4c1b248251e2ce924556bd17233097ec286ef","size":3413084,"path":"media/plotly/example_24_10e8883f6983b76869ec.plotly.json"},"trainLoss_generator":0.014178064991668876,"trainLoss_wgan":0.0035358983278274535,"_step":24,"saveFlag":0,"_timestamp":1.7302700010395508e+09,"_wandb":{"runtime":1513},"averageFake":-4.247593873977661,"evalLoss_wgan":-0.04032506346702576,"trueMinusFake":0.7902237005233763,"averageTrue":-3.4573701734542848,"average_generatorPenalty":0.1250093377828598,"evalLoss_generator":0.16395407676696777,"_runtime":1513.278237214}