{"evalLoss_wgan":0.00261452929868619,"averageTrue":15.264236578679558,"_timestamp":1.7313569769006848e+09,"saveFlag":1,"averageFake":13.460688518088608,"trainLoss_wgan":0.0005878415542164408,"example":{"path":"media/plotly/example_9_a9cf312db354d6ce0dcf.plotly.json","_type":"plotly-file","sha256":"a9cf312db354d6ce0dcf20abd4650b8443e551dbe003f23cdf6664486633f301","size":2786971},"_runtime":4107.944800781,"Epoch":9,"_wandb":{"runtime":4266},"evalLoss_generator":-0.011277846218905178,"average_generatorPenalty":-0.08786478167874678,"trueMinusFake":1.8035480605909502,"_step":9,"trainLoss_generator":-0.0028823005095555973,"evalLoss_total":-0.008663316920218989}