{"evalLoss_generator":0.007747336328029633,"trainLoss_generator":-3.1000798543294272,"average_generatorPenalty":-3.1000798543294272,"evalLoss_total":1.016403723657131,"_runtime":727.346935227,"saveFlag":0,"averageTrue":-89.1869105360243,"example":{"path":"media/plotly/example_14_0b91991a99bada7e6cd7.plotly.json","_type":"plotly-file","sha256":"0b91991a99bada7e6cd7a0170141e207acc6432563392f9cfda28beb2622efa3","size":3433257},"evalLoss_wgan":1.0086563873291015,"_step":14,"trainLoss_wgan":-0.5413807196737799,"_timestamp":1.7295646441029873e+09,"_wandb":{"runtime":727},"averageFake":93.03564236111112,"Epoch":14}