{"trainLoss_wgan":0.015082543194293975,"_timestamp":1.73026845464731e+09,"average_generatorPenalty":0.03989456576108932,"evalLoss_total":0.4948009061813355,"averageFake":-0.25921896362304686,"trainLoss_generator":0.023641010421271667,"averageTrue":0.034846405029296874,"_runtime":1399.640869798,"trueMinusFake":0.29406536865234373,"evalLoss_generator":0.5931979751586914,"_wandb":{"runtime":1422},"Epoch":22,"evalLoss_wgan":-0.09839706897735595,"_step":22,"example":{"size":3416875,"path":"media/plotly/example_22_270270ac1545ad207f09.plotly.json","_type":"plotly-file","sha256":"270270ac1545ad207f09db7b3fb5c44d1c6c8f2943c17921e5a336d043cfeb8c"},"saveFlag":0}