{"_timestamp":1.7302628471439257e+09,"example":{"size":3384622,"path":"media/plotly/example_2_64b6237880c6c79f5064.plotly.json","_type":"plotly-file","sha256":"64b6237880c6c79f5064b1f6126685439f732a2f98752ed4f1d33382f42431fd"},"averageTrue":174.870802734375,"trueMinusFake":355.19715625,"_wandb":{"runtime":411},"saveFlag":0,"evalLoss_wgan":0.7963117980957031,"_step":2,"evalLoss_total":1.7530072784423827,"_runtime":401.085463879,"trainLoss_wgan":-0.4853284403301901,"evalLoss_generator":0.9566954803466797,"trainLoss_generator":2.261695281982422,"Epoch":2,"averageFake":-180.326353515625,"average_generatorPenalty":2.261695281982422}