{"_runtime":731.328602527,"trainLoss_generator":-0.13863044571093716,"evalLoss_total":0.8348613372445106,"averageTrue":-84.55362255859374,"_wandb":{"runtime":731},"averageFake":86.88368310546875,"trainLoss_wgan":-1.3675056457519532,"_step":24,"evalLoss_wgan":0.8317890167236328,"Epoch":24,"average_generatorPenalty":-1.0902377319335939,"trueMinusFake":-171.43730566406248,"evalLoss_generator":0.003072320520877838,"example":{"size":4569276,"path":"media/plotly/example_24_76e6eef85f745dff90bc.plotly.json","_type":"plotly-file","sha256":"76e6eef85f745dff90bca2c00338443a0d5f132cbea276a531ec8e296e740051"},"_timestamp":1.7302430017847497e+09,"saveFlag":0}