{"example":{"sha256":"74df0bd8c25b24f30a77ae87c7f1ecf726e942d0f3774d26b83905c366a4cc12","size":3419102,"path":"media/plotly/example_14_74df0bd8c25b24f30a77.plotly.json","_type":"plotly-file"},"_step":14,"evalLoss_wgan":-0.03613368988037109,"saveFlag":0,"trainLoss_wgan":-1.262838409423828,"evalLoss_total":-0.03477956607937813,"_timestamp":1.7302390748931575e+09,"_wandb":{"runtime":539},"averageFake":54.8674541015625,"averageTrue":-54.314478515625,"average_generatorPenalty":-0.689787582397461,"evalLoss_generator":0.0013541238009929658,"trainLoss_generator":-0.0739644316573171,"Epoch":14,"_runtime":539.787348327}