{"_timestamp":1.7307820390605776e+09,"Epoch":0,"_step":0,"averageTrue":14.755849859748887,"evalLoss_total":-0.011845638376173884,"saveFlag":1,"average_generatorPenalty":-0.09164008600919887,"trueMinusFake":0.16446123521940414,"evalLoss_generator":-0.012455696685343087,"_runtime":1196.712045123,"averageFake":14.591388624529483,"example":{"path":"media/plotly/example_0_3edcfb5a29be047526c6.plotly.json","_type":"plotly-file","sha256":"3edcfb5a29be047526c6af6522151c21c0ce0a09c21686ff9bd7ec87f2960926","size":1392637},"trainLoss_wgan":0.005217957032794348,"evalLoss_wgan":0.0006100583091692021,"trainLoss_generator":-0.0003792878207131527,"_wandb":{"runtime":1884}}