{"evalLoss_total":1.640122560672462,"trainLoss_generator":-5.465588616265191,"averageTrue":-154.66602593315972,"_timestamp":1.729401547193356e+09,"average_generatorPenalty":-5.465588616265191,"Epoch":14,"trainLoss_wgan":-0.8608916732153632,"_runtime":946.6990559,"_step":14,"_wandb":{"runtime":946},"evalLoss_wgan":1.639176712036133,"saveFlag":0,"averageFake":164.10246636284722,"evalLoss_generator":0.000945848636329174,"example":{"size":3401185,"path":"media/plotly/example_14_499e7450e4b7a45d3e7a.plotly.json","_type":"plotly-file","sha256":"499e7450e4b7a45d3e7a8849daca44359cabb640f942ccbdddf692944c36e5ce"}}