{"evalLoss_total":0.16336356177022673,"Epoch":6,"evalLoss_generator":-0.1985907948389887,"evalLoss_wgan":0.36195435660921543,"averageFake":-33.431475385572256,"average_generatorPenalty":0.42239087988740714,"example":{"size":2812532,"path":"media/plotly/example_6_aa5087b3cbf183b995ef.plotly.json","_type":"plotly-file","sha256":"aa5087b3cbf183b995ef9d9e15f53c751ab2db048822cd368bd6414d357bda94"},"trueMinusFake":208.214140930366,"_runtime":14332.608750996,"trainLoss_generator":0.006548151885227965,"averageTrue":174.78266554479373,"_timestamp":1.7316251516205852e+09,"trainLoss_wgan":-1.4778410562148745,"saveFlag":0,"_wandb":{"runtime":15520},"_step":6}