{"averageTrue":-18.042293972439236,"_wandb":{"runtime":107},"evalLoss_wgan":9.86065902709961,"evalLoss_generator":0.005168460682034493,"_runtime":107.97394187,"Epoch":14,"_timestamp":1.7294004716915658e+09,"average_generatorPenalty":-0.79046630859375,"example":{"path":"media/plotly/example_14_334fc1f533b9141fbaad.plotly.json","_type":"plotly-file","sha256":"334fc1f533b9141fbaadc67d7fed0de6c7f0445d288a2f2f1d489e09edb99825","size":3415845},"_step":14,"evalLoss_total":9.865827487781644,"saveFlag":0,"trainLoss_wgan":0.327076843638479,"trainLoss_generator":-0.79046630859375,"averageFake":18.758375379774307}