{"_runtime":46373.24706677,"saveFlag":0,"averageFake":-5276.2804166061715,"Epoch":49,"trainLoss_wgan":-36.42831842926137,"trueMinusFake":8894.575663660798,"_timestamp":1.7315889796832156e+09,"evalLoss_total":1.695558630986509,"evalLoss_generator":1.8030797553047224,"evalLoss_wgan":-0.10752112431821355,"trainLoss_generator":0.09832183559238998,"_step":49,"average_generatorPenalty":21.684889405242256,"averageTrue":3618.295247054626,"_wandb":{"runtime":46373},"example":{"path":"media/plotly/example_49_ba4e4bbd806fe26b0a0f.plotly.json","_type":"plotly-file","sha256":"ba4e4bbd806fe26b0a0fa9eb6961f163115aedd00a706c98e3f0746e29815b17","size":2782826}}