{"trueMinusFake":-43.922950866699225,"evalLoss_wgan":-0.0907724666595459,"_runtime":255.627933119,"example":{"_type":"plotly-file","sha256":"40b1c765b8f7f88ba6ee9cb44787df15dee35cae0f1b44c0d962883353cc4e40","size":3411681,"path":"media/plotly/example_6_40b1c765b8f7f88ba6ee.plotly.json"},"evalLoss_generator":-0.001267615258693695,"_wandb":{"runtime":268},"saveFlag":1,"_step":6,"averageFake":10.312335388183595,"averageTrue":-33.610615478515626,"evalLoss_total":-0.09204008191823959,"trainLoss_generator":-0.020879252400013606,"_timestamp":1.7302489762165565e+09,"trainLoss_wgan":-0.5370484085083008,"Epoch":6,"average_generatorPenalty":-0.13925334787368773}