{"_wandb":{"runtime":401},"averageFake":65.512193359375,"saveFlag":1,"averageTrue":-64.18241748046874,"evalLoss_total":0.013098879233002663,"_runtime":399.712329943,"evalLoss_wgan":0.012605104446411133,"example":{"_type":"plotly-file","sha256":"91f367082289e4d4f8859f53f6cbfd3d2e039a3473c1385f2f15bfb6edfd2ec8","size":3412716,"path":"media/plotly/example_17_91f367082289e4d4f885.plotly.json"},"_timestamp":1.7302550609714637e+09,"average_generatorPenalty":-0.8219084167480468,"Epoch":17,"_step":17,"trueMinusFake":-129.69461083984373,"evalLoss_generator":0.0004937747865915299,"trainLoss_generator":-0.8219084167480468,"trainLoss_wgan":-1.5522398681640626}