{"_step":1,"trainLoss_generator":-2.5242954182128112e-05,"evalLoss_wgan":0.006802661895751953,"example":{"path":"media/plotly/example_1_cde99bf2ad8bfb5e80ee.plotly.json","_type":"plotly-file","sha256":"cde99bf2ad8bfb5e80eed1e81f234c4e80f2e158f313002f45bd04a7947cbc31","size":3389088},"evalLoss_total":0.006631098588307699,"_wandb":{"runtime":164},"averageTrue":0.02583624216715495,"trueMinusFake":-1.335144043934644e-09,"Epoch":1,"average_generatorPenalty":-2.5242954182128112e-05,"_runtime":117.57293017800001,"averageFake":0.025836243502298992,"evalLoss_generator":-0.00017156330744425455,"_timestamp":1.7302517525056272e+09,"saveFlag":1,"trainLoss_wgan":0.009666666666666667}