{"trainLoss_wgan":0.004822395538225777,"_runtime":965.739479684,"evalLoss_total":-0.004303653329972179,"evalLoss_wgan":-0.008231781117841553,"evalLoss_generator":0.003928127787869374,"_step":1,"trainLoss_generator":0.0005329895691996727,"average_generatorPenalty":0.06568382743867937,"Epoch":1,"_timestamp":1.7307842867660134e+09,"_wandb":{"runtime":1028},"example":{"_type":"plotly-file","sha256":"2fd4aa7bebc1ebf82655f6c73d80625b387c459af32783712991bf04ff995e57","size":1389257,"path":"media/plotly/example_1_2fd4aa7bebc1ebf82655.plotly.json"},"averageTrue":-10.30420396190115,"saveFlag":1,"averageFake":-10.527239431452184,"trueMinusFake":0.22303546955103393}