{"evalLoss_wgan":0.0015251925057032036,"trainLoss_generator":0.0045065881501602754,"trainLoss_wgan":-0.42627240152206225,"_wandb":{"runtime":10311},"_timestamp":1.7304945561043565e+09,"Epoch":9,"evalLoss_total":1.7527245235884348,"averageTrue":43.66622650916794,"_step":9,"evalLoss_generator":1.7511993310827316,"averageFake":-25.48319353511973,"trueMinusFake":69.14942004428767,"example":{"sha256":"12c3f475f3f74f1351b09266dd0bd4ffc76674b8c700d73934f513503a0eef47","size":1392214,"path":"media/plotly/example_9_12c3f475f3f74f1351b0.plotly.json","_type":"plotly-file"},"saveFlag":0,"_runtime":10222.337396154,"average_generatorPenalty":0.16084322921547384}