{"trainLoss_wgan":-0.5813678215352241,"_timestamp":1.7313643580821908e+09,"example":{"size":2779430,"path":"media/plotly/example_49_ba3edc94748478af70a3.plotly.json","_type":"plotly-file","sha256":"ba3edc94748478af70a31df53f5f0935ae5b0e97e89cb238268aed641a0afc76"},"evalLoss_generator":0.08183520718144245,"_wandb":{"runtime":7162},"averageTrue":20.4554351673017,"saveFlag":0,"trainLoss_generator":1.1215683176747153,"trueMinusFake":188.00647371471348,"evalLoss_wgan":0.003670342134379549,"Epoch":49,"averageFake":-167.5510385474118,"_runtime":7162.44734553,"_step":49,"evalLoss_total":0.085505549315822,"average_generatorPenalty":1.1215683176747153}