{"Epoch":25,"averageTrue":29.283255834377105,"evalLoss_generator":0.00015677562543329495,"trueMinusFake":5.510030158644536,"_wandb":{"runtime":6225},"saveFlag":0,"averageFake":23.77322567573257,"trainLoss_wgan":-0.02827624419033427,"example":{"path":"media/plotly/example_25_c2eaca6a486d1443d2e4.plotly.json","_type":"plotly-file","sha256":"c2eaca6a486d1443d2e4d01131903377cb66241d41699164438c98085c1fd8a0","size":2783544},"evalLoss_total":-0.00855568668233907,"_step":25,"evalLoss_wgan":-0.008712462307772366,"_runtime":6037.458151221,"_timestamp":1.7314718336926942e+09,"average_generatorPenalty":-0.12654987073940394,"trainLoss_generator":0.0031205553524814083}