{"evalLoss_wgan":0.0814983081817627,"average_generatorPenalty":0.6982495231628418,"example":{"size":3430099,"path":"media/plotly/example_15_b69b220d410655c81802.plotly.json","_type":"plotly-file","sha256":"b69b220d410655c818025fc6845a61ab73f1a1e53e7ae4b0bdc7a70dce1f7cfa"},"_step":15,"trainLoss_generator":0.07410683472006664,"saveFlag":0,"averageTrue":54.46365380859375,"Epoch":15,"_timestamp":1.7302716637220166e+09,"trainLoss_wgan":-1.2566392059326172,"trueMinusFake":110.12887158203125,"_wandb":{"runtime":605},"averageFake":-55.6652177734375,"_runtime":579.155932975,"evalLoss_total":0.7054409885406494,"evalLoss_generator":0.6239426803588867}