{"Epoch":24,"_step":24,"evalLoss_generator":-0.1070845549777578,"_wandb":{"runtime":7279},"trainLoss_wgan":-0.010558777902159807,"evalLoss_total":-0.07686865142598301,"averageFake":34.87513775998972,"evalLoss_wgan":0.030215903551774795,"example":{"sha256":"0368e01cb26f7887e513f59c6122940af1cdeb627bba104878f7ed5608f3bda5","size":1392801,"path":"media/plotly/example_24_0368e01cb26f7887e513.plotly.json","_type":"plotly-file"},"averageTrue":39.23967499677304,"saveFlag":0,"trueMinusFake":4.36453723678332,"trainLoss_generator":-0.0016311537881497978,"_runtime":7278.302771484,"average_generatorPenalty":-0.10767021310987536,"_timestamp":1.7304318913758812e+09}