{"_step":18,"saveFlag":1,"evalLoss_generator":-2.800295104980469,"trueMinusFake":0.001814453125007276,"trainLoss_generator":-3.265314697265625,"evalLoss_wgan":-5.592943115234375,"_runtime":1624.021657489,"example":{"_type":"plotly-file","sha256":"f695952fa54496a89733c86af5dee05e55344a9151b5d2e261fa8581ff32fd1f","size":3404134,"path":"media/plotly/example_18_f695952fa54496a89733.plotly.json"},"evalLoss_total":-8.393238220214844,"trainLoss_wgan":-0.6942384562535715,"Epoch":18,"_timestamp":1.7302615054944742e+09,"_wandb":{"runtime":1701},"averageFake":260.9757734375,"averageTrue":260.977587890625,"average_generatorPenalty":-3.265314697265625}