{"evalLoss_total":0.8147167760133743,"trainLoss_wgan":0.3570045928955078,"_wandb":{"runtime":266},"_runtime":256.124819414,"average_generatorPenalty":-0.37372490310668943,"averageFake":29.592396484375,"_step":6,"evalLoss_wgan":0.8062145233154296,"example":{"_type":"plotly-file","sha256":"06fbfe2b176c8be5f2b416a3b5fecba28fca8bd41a11550e3b3e288745068f18","size":3408465,"path":"media/plotly/example_6_06fbfe2b176c8be5f2b4.plotly.json"},"trueMinusFake":-64.004939453125,"evalLoss_generator":0.008502252697944641,"_timestamp":1.7302476101432662e+09,"saveFlag":0,"averageTrue":-34.41254296875,"trainLoss_generator":-0.04103157171567654,"Epoch":6}