{"_timestamp":1.7304121425791578e+09,"example":{"_type":"plotly-file","sha256":"a2e5cb6e4124634c91dedfff13003cba1a446caa98dbf04d479d3167083343e0","size":1393380,"path":"media/plotly/example_1_a2e5cb6e4124634c91de.plotly.json"},"evalLoss_total":0.002626129376256854,"averageFake":0.0799744190391378,"evalLoss_wgan":0.002743304772367885,"Epoch":1,"_wandb":{"runtime":1160},"trueMinusFake":-0.005702705797877183,"_step":1,"evalLoss_generator":-0.00011717539611103128,"trainLoss_wgan":0.003134023644585843,"averageTrue":0.07427171324126061,"saveFlag":1,"_runtime":1101.183038129,"average_generatorPenalty":-0.0002472419115424797,"trainLoss_generator":-8.181065779776397e-07}