{"_timestamp":1.730253538522299e+09,"saveFlag":0,"_step":24,"averageTrue":-84.10644970703125,"_wandb":{"runtime":548},"example":{"path":"media/plotly/example_24_7baf2c519984b9f74df8.plotly.json","_type":"plotly-file","sha256":"7baf2c519984b9f74df8a92eeaf09e4082173416b5c9200f44f34c2b4e2d413a","size":3413633},"Epoch":24,"average_generatorPenalty":-1.1241666870117188,"_runtime":548.500849364,"evalLoss_total":0.055725350379943854,"averageFake":89.67080322265625,"trueMinusFake":-173.7772529296875,"trainLoss_generator":-1.1241666870117188,"evalLoss_generator":0.0025409269332885742,"trainLoss_wgan":-2.1250712127685545,"evalLoss_wgan":0.05318442344665528}