{"trainLoss_generator":-0.044369679266672,"averageTrue":65.65682576751709,"saveFlag":0,"_step":24,"example":{"path":"media/plotly/example_24_0aebc7e921139921cb12.plotly.json","_type":"plotly-file","sha256":"0aebc7e921139921cb1217ffe1b91f79bec309dec10815a18d8475c43adc6678","size":3432191},"evalLoss_total":-0.09942569732666018,"evalLoss_wgan":-0.4909061813354492,"trueMinusFake":19.32921307373047,"evalLoss_generator":0.39148048400878904,"_timestamp":1.7302651889963434e+09,"_runtime":1536.804062514,"averageFake":46.32761269378662,"_wandb":{"runtime":1536},"average_generatorPenalty":-1.0257848200201989,"trainLoss_wgan":-0.45796297371387484,"Epoch":24}