{"trueMinusFake":7.099807131206116,"Epoch":24,"_timestamp":1.7310177710297372e+09,"evalLoss_total":-0.04448777912677894,"averageFake":-27.214588214107216,"saveFlag":1,"_runtime":7217.664483152,"averageTrue":-20.1147810829011,"evalLoss_wgan":-0.025570307709110264,"example":{"path":"media/plotly/example_24_1f13c145ad5d028199f8.plotly.json","_type":"plotly-file","sha256":"1f13c145ad5d028199f8846d8c073fa685813f2b955829a6f0ce6f8dde10af91","size":2772870},"trainLoss_generator":0.0026346705914776602,"evalLoss_generator":-0.018917471417668676,"_step":24,"_wandb":{"runtime":7218},"trainLoss_wgan":-0.032088696324251126,"average_generatorPenalty":0.34984333106025217}