{"example":{"sha256":"05bc9ad4c7d0dc6aa8afadb64c25cc8aab83b91abf9ea6bbe1b9637569da5f68","size":1391726,"path":"media/plotly/example_20_05bc9ad4c7d0dc6aa8af.plotly.json","_type":"plotly-file"},"evalLoss_wgan":-2.165134775128879,"_timestamp":1.7305325728709345e+09,"trainLoss_wgan":-2.296687098132027,"_step":20,"trainLoss_generator":1.6782100488637783,"Epoch":20,"_runtime":13246.60818013,"saveFlag":0,"evalLoss_generator":6.771795588081326,"averageTrue":112.63989653428347,"evalLoss_total":4.6066608129524464,"average_generatorPenalty":1.6782100488637783,"_wandb":{"runtime":13576},"trueMinusFake":368.54883002699927,"averageFake":-255.9089334927158}