{"_wandb":{"runtime":1371},"trainLoss_wgan":-0.17473492416104439,"evalLoss_wgan":-0.029868555068969727,"averageFake":74.35400244140625,"evalLoss_generator":0.0009279198944568634,"Epoch":4,"example":{"size":3382675,"path":"media/plotly/example_4_49b0e5defe8c5743d091.plotly.json","_type":"plotly-file","sha256":"49b0e5defe8c5743d091457516600a3df76d18cf9c87329058e91ad4acfc8bb9"},"_step":4,"trainLoss_generator":-0.930294059753418,"evalLoss_total":-0.028940635174512865,"trueMinusFake":-147.0848984375,"averageTrue":-72.73089599609375,"_runtime":1218.356336628,"saveFlag":1,"average_generatorPenalty":-0.930294059753418,"_timestamp":1.7302581015297399e+09}