{"trainLoss_generator":-0.13150737229665072,"_runtime":729.356366431,"example":{"sha256":"5be59d431108220bb16f0ae8d99897ba3e8fff3b9018ab84f6d6260f388db373","size":3428005,"path":"media/plotly/example_24_5be59d431108220bb16f.plotly.json","_type":"plotly-file"},"evalLoss_wgan":0.6729125213623047,"_step":24,"evalLoss_total":0.673849077820778,"saveFlag":0,"average_generatorPenalty":-1.0367842864990235,"averageTrue":-82.03186767578126,"Epoch":24,"_wandb":{"runtime":729},"_timestamp":1.7302466184551694e+09,"evalLoss_generator":0.0009365564584732055,"trainLoss_wgan":-1.6086934967041016,"trueMinusFake":-164.72383984375,"averageFake":82.69197216796876}