{"_wandb":{"runtime":2421},"average_generatorPenalty":0.04737605278258666,"trainLoss_wgan":0.011733770450750006,"_timestamp":1.7310036443339453e+09,"saveFlag":1,"_runtime":2271.061988104,"_step":4,"averageTrue":-3.7729230335352466,"evalLoss_total":-0.0030395968902164304,"evalLoss_wgan":-0.0037412867396974837,"Epoch":4,"trainLoss_generator":0.00017207188659482283,"evalLoss_generator":0.0007016898494810531,"averageFake":-3.8301941897114338,"trueMinusFake":0.057271156176187166,"example":{"_type":"plotly-file","sha256":"338476dd8e083e2452fcc6310951d80ff142cc598702a9542477893ad7487236","size":2780033,"path":"media/plotly/example_4_338476dd8e083e2452fc.plotly.json"}}