{"evalLoss_generator":-0.015241152112774584,"saveFlag":1,"evalLoss_total":-0.01769473374688709,"trainLoss_wgan":-0.011358078199028768,"_timestamp":1.7314058557599554e+09,"averageTrue":27.379094189046086,"trueMinusFake":2.806328760328899,"evalLoss_wgan":-0.002453581634112506,"averageFake":24.572765428717187,"example":{"size":2779995,"path":"media/plotly/example_49_e9f04356ee306d80970a.plotly.json","_type":"plotly-file","sha256":"e9f04356ee306d80970a4029271a9f324876a1b05de70398dbd6c82cbc851be1"},"trainLoss_generator":-0.006702176639915719,"Epoch":49,"_wandb":{"runtime":16693},"average_generatorPenalty":-0.14713201257025366,"_step":49,"_runtime":16693.50537872}