{"evalLoss_wgan":-8.9350634765625,"trainLoss_generator":-4.954275970458984,"_timestamp":1.7302623953360438e+09,"evalLoss_total":-13.454200134277343,"averageFake":395.46489453125,"example":{"_type":"plotly-file","sha256":"cfc6ad2ebb547884fd4abb70f459b5af6afeabb7db1685bdc6795617ec18b871","size":3417707,"path":"media/plotly/example_5_cfc6ad2ebb547884fd4a.plotly.json"},"average_generatorPenalty":-4.954275970458984,"trainLoss_wgan":-1.0108666320491835,"_runtime":799.130165138,"_step":5,"evalLoss_generator":-4.519136657714844,"saveFlag":1,"Epoch":5,"_wandb":{"runtime":807},"averageTrue":395.49158984375,"trueMinusFake":0.02669531249995316}