{"_step":11,"_runtime":607.748311103,"_wandb":{"runtime":629},"evalLoss_total":4.647520303726196,"averageFake":-218.0701611328125,"Epoch":11,"example":{"_type":"plotly-file","sha256":"3406bf495b546b79e1abe36e95b01bfa8a004f0b6294404978d8063152c0d5c8","size":3413898,"path":"media/plotly/example_11_3406bf495b546b79e1ab.plotly.json"},"_timestamp":1.730263620970102e+09,"evalLoss_generator":4.490123596191406,"average_generatorPenalty":5.4712305145263675,"trueMinusFake":429.00071875000003,"trainLoss_wgan":-10.519241607666016,"trainLoss_generator":0.3422307844141542,"averageTrue":210.9305576171875,"saveFlag":0,"evalLoss_wgan":0.15739670753479004}