{"_timestamp":1.7302667711934755e+09,"evalLoss_generator":0.14974469184875489,"average_generatorPenalty":0.19800394773483276,"Epoch":24,"_runtime":1540.667678583,"trainLoss_generator":0.011934261249569119,"evalLoss_wgan":-0.01980383098125458,"_step":24,"saveFlag":0,"trainLoss_wgan":0.0169265678524971,"evalLoss_total":0.1299408608675003,"example":{"path":"media/plotly/example_24_73ca2f0719bae1b9e0b4.plotly.json","_type":"plotly-file","sha256":"73ca2f0719bae1b9e0b4eb11f6e8432c53d8cd4eb1802e0efc13402e680372be","size":3395904},"averageFake":-7.974549957275391,"trueMinusFake":0.19074642944335984,"_wandb":{"runtime":1540},"averageTrue":-7.783803527832031}