{"example":{"path":"media/plotly/example_24_3cb420caf95af35d43de.plotly.json","_type":"plotly-file","sha256":"3cb420caf95af35d43de29d961b6cddf3ec052fc2805aef8d9b2a42715406c9a","size":2805071},"trainLoss_generator":0.04140439618777316,"_step":24,"saveFlag":0,"_runtime":29741.286073653,"Epoch":24,"trainLoss_wgan":-18.400590061834098,"evalLoss_total":1.1666042987601957,"average_generatorPenalty":10.420799842349949,"averageFake":-1632.6947087570204,"_timestamp":1.7309076280070846e+09,"evalLoss_generator":1.2276962036833918,"_wandb":{"runtime":29741},"trueMinusFake":2948.6770743120933,"averageTrue":1315.9823655550729,"evalLoss_wgan":-0.061091904923196196}