{"saveFlag":0,"evalLoss_generator":0.11916121998332303,"_step":24,"evalLoss_total":-0.35597091509265816,"averageFake":-12.559661331810037,"_runtime":9713.262066939,"evalLoss_wgan":-0.4751321350759812,"averageTrue":153.2831239119181,"trainLoss_generator":0.007607259111966933,"average_generatorPenalty":0.02389672286277648,"_wandb":{"runtime":9713},"_timestamp":1.7304469304348006e+09,"trainLoss_wgan":-0.5153010865035093,"example":{"size":1395454,"path":"media/plotly/example_24_661bc2fabf652d52dcb4.plotly.json","_type":"plotly-file","sha256":"661bc2fabf652d52dcb465054fdd762d76b2c2c0e08b43517b3268fc79ea83ae"},"Epoch":24,"trueMinusFake":165.84278524372814}