{"saveFlag":0,"_runtime":549.928877583,"average_generatorPenalty":-0.48251269149780274,"averageFake":38.511133544921876,"trueMinusFake":-76.88448486328124,"example":{"path":"media/plotly/example_24_36ddd63dd612bf09b3b1.plotly.json","_type":"plotly-file","sha256":"36ddd63dd612bf09b3b143458a961f1f76a75d00b24b018725e0129d12d458bb","size":3402039},"evalLoss_total":0.015692779272794725,"_wandb":{"runtime":550},"trainLoss_wgan":-0.950025146484375,"_step":24,"_timestamp":1.7302560270221462e+09,"Epoch":24,"trainLoss_generator":-0.48251269149780274,"evalLoss_generator":0.00038874194025993345,"averageTrue":-38.373351318359376,"evalLoss_wgan":0.015304037332534791}