{"evalLoss_wgan":-0.02385189735592743,"trainLoss_generator":0.010089483053654012,"_timestamp":1.731442691802332e+09,"evalLoss_generator":0.011650520475639534,"averageFake":-24.312674471327416,"saveFlag":0,"_wandb":{"runtime":7169},"Epoch":32,"trainLoss_wgan":-0.013346058836927636,"_runtime":7039.595395898,"_step":32,"example":{"sha256":"f8184870c8502ac0036cc32d0595a08b033680c63dc48fac8ea354b9881cbcb2","size":2782912,"path":"media/plotly/example_32_f8184870c8502ac0036c.plotly.json","_type":"plotly-file"},"trueMinusFake":3.122912660356562,"average_generatorPenalty":0.16284351470936986,"averageTrue":-21.189761810970854,"evalLoss_total":-0.012201376880287896}