{"average_generatorPenalty":-0.31455188465118405,"averageFake":25.31284588623047,"_step":24,"averageTrue":25.323073120117186,"evalLoss_total":-0.3284505176544189,"trainLoss_generator":-0.03449522268306206,"evalLoss_generator":-0.3912371826171875,"Epoch":24,"saveFlag":0,"_timestamp":1.7302725963135247e+09,"_runtime":895.297701011,"trueMinusFake":0.010227233886716647,"trainLoss_wgan":0.0719504451751709,"_wandb":{"runtime":895},"example":{"_type":"plotly-file","sha256":"dfff7be92f3126004d96d3f88d884676f8a625162f3b13fd3f4dc29d3afe937f","size":3401199,"path":"media/plotly/example_24_dfff7be92f3126004d96.plotly.json"},"evalLoss_wgan":0.06278666496276855}