{"_timestamp":1.7302394425179248e+09,"evalLoss_wgan":0.08088304519653321,"evalLoss_total":0.08139713250100614,"evalLoss_generator":0.0005140873044729233,"_step":14,"Epoch":14,"_runtime":330.181862113,"average_generatorPenalty":-0.7371043281555176,"averageFake":58.71429833984375,"_wandb":{"runtime":330},"saveFlag":0,"trainLoss_generator":-0.7371043281555176,"example":{"_type":"plotly-file","sha256":"1fab25abd3ea84f9b14f227d116b1f755deebc9267f631a895352b4fe2126a9d","size":3400986,"path":"media/plotly/example_14_1fab25abd3ea84f9b14f.plotly.json"},"averageTrue":-56.8116005859375,"trainLoss_wgan":-1.3241011505126954}