{"trueMinusFake":135.56935022929534,"saveFlag":0,"trainLoss_wgan":-0.41773667950806337,"averageTrue":95.78494923380691,"_runtime":7642.517973406,"evalLoss_wgan":0.005734312450649941,"averageFake":-39.78440099548843,"average_generatorPenalty":0.17945707353600943,"evalLoss_total":-0.061712871300770966,"Epoch":7,"trainLoss_generator":-0.002542264476361274,"evalLoss_generator":-0.0674471837514209,"example":{"sha256":"74c96f072fa2341e3e544cd7072e57edd422ca14d6ebd19f8fd24d97af375e7d","size":2785210,"path":"media/plotly/example_7_74c96f072fa2341e3e54.plotly.json","_type":"plotly-file"},"_wandb":{"runtime":8160},"_timestamp":1.7310258512833638e+09,"_step":7}