{"saveFlag":0,"evalLoss_total":0.8108910006284714,"_wandb":{"runtime":448},"_timestamp":1.7302473277338917e+09,"trainLoss_generator":-0.09195313079857442,"example":{"size":3389622,"path":"media/plotly/example_14_23566f6ce8fb9b99d607.plotly.json","_type":"plotly-file","sha256":"23566f6ce8fb9b99d6073d64985f4c19f76de382b631a596118100d3d4ab1142"},"averageFake":57.22173046875,"_step":14,"evalLoss_wgan":0.8173015594482422,"trueMinusFake":-113.197412109375,"_runtime":432.756586882,"averageTrue":-55.975681640625,"average_generatorPenalty":-0.716450569152832,"evalLoss_generator":-0.006410558819770813,"Epoch":14,"trainLoss_wgan":-0.5837184944152832}