{"evalLoss_total":0.9045357861485387,"evalLoss_wgan":-0.07744891042532857,"_timestamp":1.7305584869629745e+09,"example":{"sha256":"34352705c5871228979b56ac07942edc9f74ea1c2b1819f03f8ff93d579b7a20","size":1390865,"path":"media/plotly/example_24_34352705c5871228979b.plotly.json","_type":"plotly-file"},"averageFake":-32.541196190435194,"averageTrue":177.81512332383375,"Epoch":24,"trueMinusFake":210.35631951426893,"average_generatorPenalty":0.14348114378077642,"_runtime":25555.387557127,"_step":24,"_wandb":{"runtime":25556},"saveFlag":0,"evalLoss_generator":0.9819846965738672,"trainLoss_wgan":-1.3085361211168998,"trainLoss_generator":-0.0020576408249013216}