{"averageTrue":-161.35161865234375,"evalLoss_total":2.340518411695957,"saveFlag":1,"averageFake":165.76390028211804,"average_generatorPenalty":-11.047577412923177,"evalLoss_wgan":2.3441028213500976,"Epoch":7,"_wandb":{"runtime":781},"_timestamp":1.7295632977661784e+09,"example":{"size":3412203,"path":"media/plotly/example_7_8601825fda00079313fb.plotly.json","_type":"plotly-file","sha256":"8601825fda00079313fb3c7a963f07ea59ef22c7fa663cb739f52a688ab612ba"},"evalLoss_generator":-0.0035844096541404725,"_runtime":705.522042271,"trainLoss_wgan":-0.9283806403634312,"trainLoss_generator":-11.047577412923177,"_step":7}