{"averageFake":25.669844279651713,"trainLoss_wgan":0.006180404762513554,"evalLoss_generator":-0.014420363639826675,"average_generatorPenalty":-0.16035009767125794,"_timestamp":1.730788132079805e+09,"_step":8,"evalLoss_total":-0.01414577568421793,"Epoch":8,"trainLoss_generator":-0.004521848882606876,"_runtime":2890.911190076,"_wandb":{"runtime":2907},"saveFlag":0,"evalLoss_wgan":0.00027458795560874526,"example":{"sha256":"ccc7df6f6dd9d160e205488612d95068d2bea639cf3af85c2b220473124cb4b5","size":2775793,"path":"media/plotly/example_8_ccc7df6f6dd9d160e205.plotly.json","_type":"plotly-file"},"averageTrue":25.670102656381726,"trueMinusFake":0.0002583767300130546}