{"saveFlag":1,"evalLoss_total":-0.11924013048505509,"_runtime":4104.752270004,"_step":24,"trueMinusFake":1.5785061414334756,"averageTrue":19.35773546329158,"example":{"path":"media/plotly/example_24_26249263dace48775a63.plotly.json","_type":"plotly-file","sha256":"26249263dace48775a639bd5ff62a9b8214c257310c93dc33711268812448a1d","size":1667940},"Epoch":24,"average_generatorPenalty":-0.05465793401229975,"trainLoss_generator":-0.0024757447906717093,"averageFake":17.779229321858104,"_timestamp":1.7304236047239053e+09,"trainLoss_wgan":-0.0018611933479978065,"_wandb":{"runtime":4105},"evalLoss_wgan":0.003607116806027839,"evalLoss_generator":-0.12284724729108293}