{"_wandb":{"runtime":61333},"saveFlag":0,"trainLoss_generator":0.013500454093083904,"_step":20,"evalLoss_total":14.201949365139006,"evalLoss_wgan":0.011382250881195068,"_runtime":61179.52534948,"Epoch":20,"trainLoss_wgan":-0.41836162429213525,"example":{"sha256":"502c3dcd9c73d797151f333fad240accadc4d44e0bf6d923566d9b09051ef5cd","size":3419301,"path":"media/plotly/example_20_502c3dcd9c73d797151f.plotly.json","_type":"plotly-file"},"trueMinusFake":34.1606273486328,"averageFake":70.21284299621583,"averageTrue":104.37347034484863,"average_generatorPenalty":-0.8845884705868363,"_timestamp":1.7303338669290452e+09,"evalLoss_generator":14.190567114257812}