{"trainLoss_wgan":-0.631924921631813,"example":{"size":3392649,"path":"media/plotly/example_24_c548c947c9d6f66d3b08.plotly.json","_type":"plotly-file","sha256":"c548c947c9d6f66d3b089ccebc274ae5a978894de9e18b2265ed384fce3d4523"},"_step":24,"averageTrue":-155.0918994140625,"trueMinusFake":-315.4870771484375,"saveFlag":0,"average_generatorPenalty":-2.0083381652832033,"evalLoss_wgan":0.5295458984375,"evalLoss_generator":-0.002576156258583069,"averageFake":160.395177734375,"Epoch":24,"trainLoss_generator":-2.0083381652832033,"_wandb":{"runtime":957},"evalLoss_total":0.5269697421789169,"_timestamp":1.7302422134694622e+09,"_runtime":957.470451876}