{"_step":17,"_wandb":{"runtime":7521},"averageFake":-31.300238776664695,"_runtime":7273.612126898,"Epoch":17,"trainLoss_generator":0.008042577661179792,"trainLoss_wgan":-0.0018724064240467797,"saveFlag":0,"evalLoss_wgan":-0.013080270227993379,"evalLoss_total":-0.00644081239876811,"example":{"sha256":"994136e5d1f88ae20915c52eec068558dc086ac3ede34fc666aba76543886288","size":2777739,"path":"media/plotly/example_17_994136e5d1f88ae20915.plotly.json","_type":"plotly-file"},"average_generatorPenalty":0.0874422386705213,"trueMinusFake":9.12703148497199,"_timestamp":1.731465522198795e+09,"evalLoss_generator":0.006639457829225269,"averageTrue":-22.173207291692705}