{"averageFake":84.2858671875,"_wandb":{"runtime":895},"example":{"size":3420213,"path":"media/plotly/example_24_8f066e92ce9f111ba27a.plotly.json","_type":"plotly-file","sha256":"8f066e92ce9f111ba27aad55ff54012bcedf0d5c395a3f03279fb6353e5d93c1"},"_step":24,"trueMinusFake":-166.38261962890624,"evalLoss_total":0.07327797859907151,"averageTrue":-82.09675244140625,"average_generatorPenalty":-1.0565726928710937,"Epoch":24,"evalLoss_wgan":0.07545413017272949,"trainLoss_generator":-0.1116781120095141,"trainLoss_wgan":-1.9598593139648437,"evalLoss_generator":-0.0021761515736579895,"_runtime":894.888036891,"saveFlag":0,"_timestamp":1.7302485539675202e+09}