{"_runtime":2479.226636778,"saveFlag":0,"Epoch":3,"trainLoss_generator":-2.919319934719963e-05,"averageTrue":0.15439864391829278,"evalLoss_wgan":0.0005356957064971242,"_timestamp":1.731190976705757e+09,"average_generatorPenalty":-0.0011008072808527934,"evalLoss_total":0.0003700393586685191,"example":{"size":2786918,"path":"media/plotly/example_3_3403b4374383fa1565a9.plotly.json","_type":"plotly-file","sha256":"3403b4374383fa1565a9fb0cb0d2e1d698e7e5d5228f96d388bf9c156e281b0e"},"trueMinusFake":-0.02373142393400629,"trainLoss_wgan":0.006305469371285572,"evalLoss_generator":-0.00016565634782860517,"_wandb":{"runtime":2555},"_step":3,"averageFake":0.17813006785229907}