{"evalLoss_generator":0.005101445913314819,"trueMinusFake":-26.78533628845215,"evalLoss_wgan":0.043784503936767576,"averageTrue":-23.510391235351562,"_runtime":202.313789158,"example":{"_type":"plotly-file","sha256":"55159dfa7a5f5c847c58b9db75adc954d4cc0f8214beab4284ae188ccdcac453","size":3418738,"path":"media/plotly/example_8_55159dfa7a5f5c847c58.plotly.json"},"evalLoss_total":0.04888594985008239,"_wandb":{"runtime":221},"saveFlag":1,"averageFake":3.274945053100586,"_timestamp":1.7302554491980276e+09,"trainLoss_wgan":-0.21602212142944335,"_step":8,"average_generatorPenalty":-0.044130722045898435,"Epoch":8,"trainLoss_generator":-0.044130722045898435}