{"averageTrue":-53.50480810546875,"_runtime":403.80010904,"trainLoss_generator":-0.08945699336511143,"evalLoss_wgan":-0.04542617797851563,"averageFake":55.69781494140625,"Epoch":13,"saveFlag":0,"average_generatorPenalty":-0.6994667701721191,"_wandb":{"runtime":425},"_timestamp":1.7302451501846576e+09,"evalLoss_total":-0.04574337437748909,"example":{"_type":"plotly-file","sha256":"811d363472be3902fd90ebc7183df787661e23fc32ae5b9405223e77d26039b0","size":3395626,"path":"media/plotly/example_13_811d363472be3902fd90.plotly.json"},"_step":13,"trueMinusFake":-109.202623046875,"trainLoss_wgan":-1.365032814025879,"evalLoss_generator":-0.00031719639897346495}