{"evalLoss_wgan":0.02297343027082004,"evalLoss_total":-0.22077214107744694,"saveFlag":1,"trainLoss_generator":-0.35790490028070415,"evalLoss_generator":-0.243745571348267,"_step":24,"example":{"size":2761613,"path":"media/plotly/example_24_71d279aad0863cc0a392.plotly.json","_type":"plotly-file","sha256":"71d279aad0863cc0a39253ed8b50d7ff9fb2bd8172f86ed585a6d398ddb6c00e"},"averageFake":32.79927610845107,"_runtime":4829.953748236,"_wandb":{"runtime":4830},"_timestamp":1.7310086545256875e+09,"Epoch":24,"average_generatorPenalty":-0.35790490028070415,"averageTrue":65.78546887786752,"trueMinusFake":32.98619276941645,"trainLoss_wgan":-0.19394419333998222}