{"example":{"size":3423985,"path":"media/plotly/example_5_2522d6315879821ffd8e.plotly.json","_type":"plotly-file","sha256":"2522d6315879821ffd8e76c61d08455e16621a197ecee4c89a4add3c59b499e0"},"_timestamp":1.730255208301465e+09,"_wandb":{"runtime":147},"trainLoss_wgan":0.05557012796401978,"averageTrue":-6.8545884399414065,"evalLoss_generator":0.0032715895771980286,"evalLoss_wgan":0.10498740196228028,"saveFlag":0,"_runtime":135.385097325,"trainLoss_generator":0.022040231943130494,"evalLoss_total":0.10825899153947831,"average_generatorPenalty":0.022040231943130494,"_step":5,"trueMinusFake":-5.136422348022461,"Epoch":5,"averageFake":-1.7181660919189452}