{"_timestamp":1.730259297856572e+09,"trainLoss_generator":-0.9039670486450195,"_runtime":435.25732633,"evalLoss_wgan":-0.014403085708618164,"saveFlag":1,"_wandb":{"runtime":494},"evalLoss_generator":-0.547775993347168,"average_generatorPenalty":-0.9039670486450195,"Epoch":4,"_step":4,"trainLoss_wgan":-0.19769616572492044,"averageFake":72.1044521484375,"trueMinusFake":-144.01960791015625,"example":{"size":3402861,"path":"media/plotly/example_4_bcb553455ee640370271.plotly.json","_type":"plotly-file","sha256":"bcb553455ee640370271eea28e17f7058e7cdfbcfd1885634906f3173fadcda4"},"averageTrue":-71.91515576171875,"evalLoss_total":-0.5621790790557861}