{"_runtime":951.439121909,"_step":24,"example":{"path":"media/plotly/example_24_3f07d7a5f83b1eda694a.plotly.json","_type":"plotly-file","sha256":"3f07d7a5f83b1eda694a54e868e02e05d2a6062775d6a8256694304f680f3527","size":3382116},"_wandb":{"runtime":951},"average_generatorPenalty":-2.027601623535156,"averageFake":161.9306650390625,"evalLoss_generator":-0.003353187441825867,"averageTrue":-156.3005478515625,"saveFlag":0,"trainLoss_generator":-2.027601623535156,"trainLoss_wgan":-0.6621563629284501,"evalLoss_total":-0.2761022108793259,"_timestamp":1.7302411570235314e+09,"evalLoss_wgan":-0.2727490234375,"trueMinusFake":-318.231212890625,"Epoch":24}