{"_step":4,"trueMinusFake":-0.0007788085937505684,"Epoch":4,"averageTrue":72.31576171875,"averageFake":72.31654052734375,"_runtime":432.524201149,"trainLoss_wgan":-0.19487720582947538,"_timestamp":1.7302597999071066e+09,"saveFlag":1,"evalLoss_generator":-0.8396245574951172,"example":{"sha256":"eed0e08c3a43dc14d972179c3c9c02dada7df45825299e4b577cf23700893a40","size":3405757,"path":"media/plotly/example_4_eed0e08c3a43dc14d972.plotly.json","_type":"plotly-file"},"_wandb":{"runtime":502},"trainLoss_generator":-0.9064153137207032,"average_generatorPenalty":-0.9064153137207032,"evalLoss_wgan":-1.6304966735839843,"evalLoss_total":-2.4701212310791014}