{"Epoch":37,"example":{"_type":"plotly-file","sha256":"35920523d185683976fce6dfa4cb663c7b4e403760228f0eb908cb8cd03825c8","size":2786225,"path":"media/plotly/example_37_35920523d185683976fc.plotly.json"},"_wandb":{"runtime":35290},"_timestamp":1.731517322515032e+09,"evalLoss_wgan":0.00495246547608902,"evalLoss_generator":0.7340995433152521,"averageTrue":1778.1706635855478,"trueMinusFake":4413.31031935439,"_step":37,"saveFlag":0,"average_generatorPenalty":11.164642168964326,"trainLoss_wgan":-18.316961123918407,"trainLoss_generator":0.06772842092769846,"averageFake":-2635.1396557688427,"_runtime":34384.788667728,"evalLoss_total":0.7390520087913411}