{"averageFake":779.3782217881944,"trainLoss_generator":-0.18081091598537063,"Epoch":14,"saveFlag":0,"averageTrue":-366.9476794704861,"evalLoss_generator":0.004083506137132644,"example":{"_type":"plotly-file","sha256":"3c278e6ff69368e81fc1c2fa807a9d56e86c4f8df4501123cd9aa7d61584a538","size":6898733,"path":"media/plotly/example_14_3c278e6ff69368e81fc1.plotly.json"},"evalLoss_wgan":0.8443488159179687,"trainLoss_wgan":-24.654781209309895,"evalLoss_total":0.8484323220551013,"_wandb":{"runtime":3388},"_runtime":3388.387180369,"average_generatorPenalty":-12.997374118381076,"_timestamp":1.7293256224397626e+09,"_step":14}