{"trainLoss_generator":5.250724094489215e-05,"averageFake":0.25457809076668275,"Epoch":12,"evalLoss_generator":0.0009804655620073465,"_timestamp":1.7304143684996572e+09,"evalLoss_wgan":0.003492039856670309,"evalLoss_total":0.004472505418677656,"trainLoss_wgan":0.0030338352822445263,"saveFlag":0,"trueMinusFake":0.015184365089353224,"_wandb":{"runtime":2164},"_step":12,"averageTrue":0.269762455856036,"example":{"size":1399591,"path":"media/plotly/example_12_08c3e92f1abec5f14513.plotly.json","_type":"plotly-file","sha256":"08c3e92f1abec5f145132b5b4002d24ed62ef805e6f6f21f7e21ea83011d8d4d"},"_runtime":2138.683218466,"average_generatorPenalty":-0.0006899140722605478}